<annotation>
  <folder>IMG</folder>
  <filename>IMG_20210128_112418_resized.jpg</filename>
  <source>
    <database>Unknown</database>
    <annotation>Unknown</annotation>
    <image>Unknown</image>
  </source>
  <size>
    <width>416</width>
    <height>312</height>
    <depth></depth>
  </size>
  <segmented>0</segmented>
  <object>
    <name>Screwdriver</name>
    <truncated>0</truncated>
    <occluded>0</occluded>
    <difficult>0</difficult>
    <bndbox>
      <xmin>155.4</xmin>
      <ymin>154.8</ymin>
      <xmax>237.18</xmax>
      <ymax>241.56</ymax>
    </bndbox>
    <attributes>
      <attribute>
        <name>rotation</name>
        <value>0.0</value>
      </attribute>
    </attributes>
  </object>
  <object>
    <name>Screwdriver</name>
    <truncated>0</truncated>
    <occluded>0</occluded>
    <difficult>0</difficult>
    <bndbox>
      <xmin>80.64</xmin>
      <ymin>69.69</ymin>
      <xmax>124.43</xmax>
      <ymax>182.4</ymax>
    </bndbox>
    <attributes>
      <attribute>
        <name>rotation</name>
        <value>0.0</value>
      </attribute>
    </attributes>
  </object>
</annotation>
