<annotation>
  <folder>IMG</folder>
  <filename>IMG_20210128_112402_resized.jpg</filename>
  <source>
    <database>Unknown</database>
    <annotation>Unknown</annotation>
    <image>Unknown</image>
  </source>
  <size>
    <width>416</width>
    <height>312</height>
    <depth></depth>
  </size>
  <segmented>0</segmented>
  <object>
    <name>Screwdriver</name>
    <truncated>0</truncated>
    <occluded>0</occluded>
    <difficult>0</difficult>
    <bndbox>
      <xmin>196.31</xmin>
      <ymin>116.03</ymin>
      <xmax>233.17</xmax>
      <ymax>206.9</ymax>
    </bndbox>
    <attributes>
      <attribute>
        <name>rotation</name>
        <value>0.0</value>
      </attribute>
    </attributes>
  </object>
  <object>
    <name>Screwdriver</name>
    <truncated>0</truncated>
    <occluded>0</occluded>
    <difficult>0</difficult>
    <bndbox>
      <xmin>145.96</xmin>
      <ymin>40.5</ymin>
      <xmax>185.0</xmax>
      <ymax>126.25</ymax>
    </bndbox>
    <attributes>
      <attribute>
        <name>rotation</name>
        <value>0.0</value>
      </attribute>
    </attributes>
  </object>
</annotation>
