<annotation>
  <folder>IMG</folder>
  <filename>IMG_20210128_112430_resized.jpg</filename>
  <source>
    <database>Unknown</database>
    <annotation>Unknown</annotation>
    <image>Unknown</image>
  </source>
  <size>
    <width>416</width>
    <height>312</height>
    <depth></depth>
  </size>
  <segmented>0</segmented>
  <object>
    <name>Screwdriver</name>
    <truncated>0</truncated>
    <occluded>0</occluded>
    <difficult>0</difficult>
    <bndbox>
      <xmin>109.1</xmin>
      <ymin>108.01</ymin>
      <xmax>221.5</xmax>
      <ymax>154.71</ymax>
    </bndbox>
    <attributes>
      <attribute>
        <name>rotation</name>
        <value>0.0</value>
      </attribute>
    </attributes>
  </object>
</annotation>
